No,Yes
0.7648738639460618,0.005555555555555556
0.22843541525955943,0.0011351652388231252
