No,Yes
0.8735866718803692,0.005648572748924674
0.1197226073252521,0.0010421480454540068
