No,Yes
0.993168864716268,0.006685981064780255
0.0001404144893533824,4.73972959842641e-06
