No,Yes
0.9928021281385897,0.006660505018188712
0.0005071510670316259,3.0215776189968362e-05
