No,Yes
0.9928761864135651,0.006690720794378681
0.0004330927920562132,0.0
