No,Yes
0.0359123387010771,0.0002790515801073549
0.9573969405045443,0.0064116692142713256
